name,mid,channelId
泠鸢yousa,282994,UCB2fR8X8FcsH1ivL2dYSK3w
AIChannel官方,1473830,UC4YaOt1yT-ZeyB0OmxHgolA
白上吹雪Official,332704117,UCdn5BQ06XqgXoAxIhbqw5Rg
鹿乃ちゃん,316381099,UCfuz6xYbYFGsWWBi3SpJI1w
神楽七奈Official,386900246,UCbfv8uuUXt3RSJGEwxny5Rw
本气黑猫,38829,
神楽Mea_Official,349991143,UCWCc8tO-uUl_7SJXIKJACMw
虚拟次元计划,5563350,UCw8fnw2VU_Owj9bsPx1CP5g
小狼XF,298484,UCS5H2Ptpm3v9vcxyUQ6rw9A
湊-阿库娅Official,375504219,UC1opHUrw8rvnsadT-iGp7Cg
Mr.Quin,15810,UCZ3ZuWLzNeqEthpo1uVYiXw
进击的冰糖,198297,
猫宫日向Official,291296062,UCevD0wKzJFpfIkvHOiQsfLQ
夏色祭Official,336731767,UCQ0UDLQCjY0rmuxCDE38FGg
新科娘Official,451066708,
輝夜月Official,265224956,UCQYADFw7xEJ9oZSM5ZbqyBw
赤井心Official,339567211,UC1CfXB_kRs3C-zaeTG3oGyg
犬山玉姬Official,12362451,UC8NZiqKx6fsDT3AVcMiVFyA
Overidea_China,18149131,UCupCAZz1l52vV8m-dvaoBVQ
枫言w,1872628,UCx-NMPJUTb3KF1jcIwJnv5A
兽耳放送,327711614,
有栖Mana-Official,3149619,UCIaC5td9nGG6JeKllWLwFLA
田中姬铃木雏Official,296909317,UCFv2z4iM5vHrS8bZPq4fHQQ
七濑胡桃menherachan,326968804,
战斗吧歌姬官方账号,364225566,UC1AYIkgyMfM0UT8xZnvzWGQ
百鬼绫目Official,389858027,UC7fk0CB07ly8oSl0aqKkqFg
虚拟女友Yomemi,292044559,UCy5lOmEQoivK5XK7QCaRKug
花丸晴琉Official,441381282,UCyIcOCH-VWaRKH9IkR8hz7Q
hololive,286700005,UCJFZiqLMntJufDCHc6bQixg
大神澪Official,389862071,UCp-5t9SrOQwXMU7iIjQfARg
本间向日葵Official,403928672,UC0g1AE0DOjBYnLhkgoRWN1w
帕里_Paryi,1576121,UCrhx4PaF3uIo9mDcTxHnmIg
叫我默默酱,308688486,
时乃空Official,286179206,UCp6993wxpyDPHUpavwDFqgg
癒月巧可Official,389858754,UC1suqwovbL1kzsoaZgFZLKg
yakko暗影,175056,UCKUbl7UXCY4ASVP963z_LYQ
静凛Official,403921378,UC6oDys1BGgBsIC3WhG1BovQ
花园Serena,380829248,UCRXBTd80F5IIWWY4HatJ5Ug
木糖纯Official,54191665,
白音小雪Official,5570898,UCcD_EdnJcOjJMohDn435D3w
Kanna_康娜Official,345819190,UCfFhyViosklD4kvyO-M0BJA
紫咲诗音Official,389857640,UCXTpFs_3PqI41qX2d9tL2Rw
虚拟宫宫Official,24622055,
窥酱Channel,370515,
物述有栖Official,434565011,UCt0clH12Xk1-Ej5PXKGfdPA
杀戮的天使官方,24791744,
润羽露西娅Official,443300418,UCl_gCybOJRIgOXw6Qb4qJzQ
山崎kaori,214854,
夢乃栞Yumeno_Shiori,372984197,UCH0ObmokE-zUOeihkKwWySA
织田信姬official,80387576,UCGcD5iUDG8xiywZeeDxye-A
陆婉莹GodRiku,337827661,UC0JVGxi9cVk1JW-JNgfVDXw
乌拉の帝国Official,610390,
笹木咲Official,436596839,UCoztvTULBYd3WmStqYeoHcA
椎名唯华Official,403927583,UC_4tXjqecqox5Uc05ncxpxg
MMP字幕搬运,278093107,
葛叶Official,434563422,UCSFCh5NL4qXrAy9u-u2lX3g
萝卜子Official,20813493,UCDqI2jOz0weumE8s7paEk6g
猫又小粥Official,412135222,UCvaTdHTWBGv3MKj3KVqJVCw
委员长杂鱼搬运,109891,
PPHOfficial,393940396,UC1pR2ig6NhndhvicEgclNdA
龙胆尊Official,434564604,UCPvGypSgfDkVe7JG2KygK7A
夏実萌恵,355167926,UCBePKUYNhoMcjBi-BRmjarQ
森永みうofficial,2778044,
莉姬女王,387108043,
綾奈奈奈,186463,
可儿！,481169,
未来明-MiraiAkari,238537745,UCMYtONm441rBogWK_xPH9HA
路人豆腐铺,11725160,
高槻律official,6055289,UCL9dLCVvHyMiqjp2RDgowqQ
大空昴Official,389859190,UCvzGlP9oQwU--Y0r9id_jnA
夜空梅露Official,389856447,UCD8HOxPs4Xvsm8H0ZxXGiBw
戌神沁音Official,412135619,UChAnqc_AY5_I3Px5dig3X1Q
绿仙Official,403930401,UCt5-0i4AVHXaWJrL8Wql3mw
千草はな,8119834,UCn14Z641OthNps7vppBvZFA
莉泽Official,436596841,UCZ1xuCK1kNmn5RzPYIZop3w
樱巫女Official,366690056,UC-hM6YJuNYVAmUWxeIr9FeA
幽灵子辰,4763529,
adogsama,317000,
佐仓•M•沙耶加,72960,
游戏部企划official,252599,UC2ZVDmnoZAOdLt7kI7Uaqog
静凛字幕组,323590528,
兰若_Re,373493702,
Azulim搬运,508191,
叶Official,434563934,UCspv01oxUFf_MTSipURRhkA
安堂いなり_official,392505232,UCWwwXXd_RPzj3LAyEfBslsg
音俣RukaOfficial,406548031,
宇森ひなこ王国運搬,4175516,
姬小路lu,388924685,
樋口枫Official,410455162,UCsg-YqdqQ-KFF0LNk23BY4A
白雪みしろOfficial,405981431,
心斎桥オクトOfficial,17492464,
早稻叽,1950658,
野野宫のののOfficial,441403698,
亚绮-罗森Official,389857131,
伊恩姬_故障Ai,328284808,
兔田佩克拉Official,443305053,
小东人魚Official,441382432,
AIofficial,430774867,
道明寺可可亚official,381951501,
筱魈要吃肉,4690327,
小伞一把,1740548,
贝尔蒙德Official,441666967,
白银诺艾尔Official,454733056,
爱夏なつ,1826804,
七海Nana7mi,434334701,
呆梓爱你嗷,1598199,
琉绮Ruki,420249427,
kinoko杂菌,351007,
古守血遊official,2299184,
魔宵Sakyu_Official,1612112,
阳向心美Official,492862,
YuNi_Channel,325325965,
乙女音Official,406805563,
御伽原江良Official,436596838,
Ruriko琉璃子Channel,47441,
卖火柴的可可亚,719049,
兰若_Ruo,320740464,
KMNHZ-China,2149710,
Siva_小虾鱼_,358695457,
家长麦Official,436596837,
电脑少女siro_小白,391876799,
NIJISANJI,410484677,
宝钟玛琳Official,454955503,
克蕾雅家后院的狸猫窝,362420674,
安洁Official,458154143,
樱美Yuna-Official,1448323,
爱塔西亚温channel,9491259,
鹰宫莉音Official,436596840,
天神子兔音Official,360221708,
乐喵Channel,483231,
周防パトラ搬运,385851175,
ChroNoiR_搬运组,385501313,
星街彗星Official,9034870,
铃果Official,416203727,
久远千岁搬运组,257492,
菫妃奈Official,98181,
ENA에나,1869304,
戌亥床Official,458154142,
PLIVYou_official,377899842,
美玲roa搬运组,16706112,
眞白花音_Official,401480763,
七柠Official,415578378,
某南,7595,
白百合リリィOfficial,421347849,
音音继ねね_Official,439071630,
子彧_official,35749736,
社筑Official,458154141,
不知火芙蕾雅Official,454737600,
艾因Eine,421267475,
皆守ひいろOfficial,395814787,
赤星组Channel,444559,
名取さな字幕组,395933021,
風祭えんめChannel,14868240,
童田明治Official,458154140,
森中花咲Official,436596836,
Project_V_官方,383012066,
柠狐柃Channel,19462294,
叫我MOUMOU酱,352396621,
二宫河也丨梦璃Official,26155426,
某柯moke,2844993,
穿裙带菜裸奔人字幕组,15936956,
Miya_猫窝建设中,846180,
LizeHelesta搬运组,412180051,
萌新喵Official,22259121,
dsailab,411812743,
泰蕾莎Channel,620903,
dsailab二号机,11203281,
琴吹夢,442426299,
郡道美玲Official,458154139,
千鈴めい搬运组,1498668,
Mendako醤Official,388693909,
清露イクナ搬运组,3772162,
加里Gari,2023004,
琥珀-虚颜,125823832,
星ノ谷みやOfficial,402105315,
夜霧Yogiri,427061218,
因幡組搬運中心,382545233,
凉宫白樱Official,244407176,
红晓音Akane,899804,
木苒_Channel,30791929,
暁ちあき搬运组,1429475,
DontStop虚拟声优事务所,3608875,
富士葵中国粉丝团,7078836,
饼叽Official,20709396,
エイレーン艾琳,94896660,
铃鹿诗子Official,458154144,
東雲恵Official,308751411,
佐久間ねむ搬运,415858231,
轴伊Joi_Channel,61639371,
水無瀬rui_official,390131950,
蒼乃幽姬,397222615,
萨莎柯里克Official,403894805,
蒼月エリ搬运组,389349320,
虚拟DD,267970450,
VA-Luna,2186106,
鬼畜千寻炎哈组,3726678,
LITA-KMNZ,397520048,
野良喵noracat搬运,288793323,
VirtuaReal,413748120,
fairyschan,432762700,
水漠豆腐,7858535,
MEMproject,406748610,
桃桃子Momoko,95324386,
一果Ichigo,434341786,
日月咪玉-官方,391614061,
來夢めると搬运组,3568142,
真白くまOfficial,12920215,
AZKi_Official,389056211,
中单光一,434401868,
鸠子-JOJOChannel,12964678,
无理MURI,455916618,
雫るる_Official,387636363,
邪神酱Channel,384230128,
宗谷いちか創作團,809154,
鷹森ツヅル搬运,408265707,
Okome_VTuber官方频道,345648420,
D_W_U搬运,39106621,
AnMr海外转播Channel,45921503,
白金Platinummm,10545371,
惑姬Waku,472877684,
Eve_aic搬运组,394851149,
星乃めあOfficial,5730,
尼奥蜀黍,12120515,
八美肉番组联合,348832436,
時雨羽衣Official,2601367,
希薇娅Civia,354411419,
竹轮喵Official,397723865,
白鹭镜Channel_银,69229475,
花京院ちえり搬运组,454530,
闇夜乃莫露露搬运组,399574079,
剑持刀也搬运组,327875807,
绯赤艾莉欧Official,407106379,
Milky_Vtuber,410741448,
樱小夜Saya,196558078,
沙月だよ,128912828,
水科葵搬运,355810003,
藤崎由愛搬运,358617079,
小鸟瑠紫琉Official,408099062,
璃露Riru,331249454,
獅子神レオナ翻译组,390389908,
猫叶沅沅,245093784,
庞小莹Official,406474271,
竹取かるた字幕组,399554022,
花譜的音乐搬运站,408447874,
nanaha_akahoshi,397047629,
朝比奈蒼,431971663,
喀秋莎秋明Official,36690170,
口诺柴柴哒,294008,
れいきら搬运,10077023,
云玉鸾,8170242,
柚唧の微光小剧场,391760485,
珠鳴なるOfficial,454110795,
夜樱多摩的雀庄,365308305,
秋雪琥珀Official,98000698,
若烨Official,418552243,
花芽姐妹Official,264319276,
大米公主MaiPrincess,414753486,
莉莉丝Channel,81198300,
千条アリアOfficial,398642121,
Omesis搬运组,423728837,
咩咩咩的土味袜子铺,349674525,
时音Official,446409293,
LIZ-KMNZ,397520517,
浅野和人Channel,478822,
星野由乃Channel,8576944,
喵月nyatsuki,472821519,
江惠惠Official,422501642,
出雲霞字幕组,399817053,
御門モモofficial,414857366,
幻梦喵Channel,400141456,
届木羽架official,9987520,
夢月ましろ,431113669,
海桑Kai_新企划准备中,407806618,
可可洛cocola,431337425,
七濑昴Official,398709832,
舞元启介消防队,5595729,
碧居结衣搬运,179459,
米娅莉Official,873426,
青桐高校游戏部搬运,544348,
女巫Vivian,374017536,
月见_tsuki,431311100,
响木青Official,434973578,
朝之姐妹搬运组,6777056,
Nachoco搬运队,9824984,
李稍牙牙語,205059,
RukiRokiChannel,403768239,
宫村焱Official,297880122,
欧阳凌空Channel,899846,
兔纱mimi_Official,216648,
私立鲜花小学家委会,62876636,
摩提_MoChi,389052754,
清楚系Vtuber_眠叶绀,315830968,
爱宫MILKOfficial,419429042,
Kerin爆破搬运组,15095071,
人間と永遠,432367601,
黑井柴的犬舍后院,1818100,
WINKS事务所,381294255,
Mari小鞠搬运,9986117,
三枝组-存放用,4504727,
潜水钟与人偶,2073698,
九尾の沙羽Official,436846433,
白鳥穹Channel,410636303,
安德莉亚Official,249088457,
花音酱可怜又可爱,359081307,
雨森小夜搬运组,20313142,
辉月兔-Official,438339386,
雪城真尋搬運組,410236949,
超V学园_林玲Lynn,474593909,
日ノ隈らん搬运,390899490,
鹿木博士鹿太Channel,588034,
Leia_夜空Project,49464709,
赤羽叶子搬运组,315102133,
花町猫耳搬运组,32166778,
ItaChannel,166617,
夕阳莉莉搬运組,2230818,
夜乃霓虹official,1341914,
陆桃Official,431537245,
樱樱火Official,474113504,
相沢加奈Official,823798,
白咲べるofficial,9375210,
转圈再转个圈,49694204,
翎眠眠,8039356,
艾麗卡・エリカチャン,10369514,
悪魔脱毛研讨会,400313598,
赤月ゆに搬运,402724422,
堰代ミコ搬运,389647363,
羽音Hanon,455965041,
鈴谷アキ字幕组,1552664,
琴乃葉雪乃搬运组,358516600,
紫桃爱音搬运组,442902274,
季毅Jiyi,359081808,
矢泽大凤Channel,281426315,
Demeo阿死,793061,
北上双叶的园艺部,5174606,
铃音_Official,39267739,
绘茉-真空管Dolls,390021323,
有加plus,472845978,
KanataHikari搬运,298077390,
双月-YunaLia,62359,
JJ-Official,382821371,
柚一Official,474628506,
猫乃木もち搬运,369456406,
超V学园_慕斯Muse,474593911,
凛凛channel,430817403,
神岡ちろる搬运组,411700399,
Elu的精灵の森,152257800,
ileheart非公式搬运,12367735,
ViViD字幕组,392214433,
潮留芥末,34785075,
能美枫铃だよ,2945435,
ウタゴエ放送部粉丝会,394918929,
银河爱丽丝搬运,176486647,
步玎Pudding,416622817,
超V学园_林伊Eli,474593910,
屍鬼Channel公式字幕组,390186116,
VTuber作家_艾尔酱搬运,55300691,
这是亦枝YY,147471,
Yuka碳,1753451,
島村シャルロット搬运,400323299,
草履虫Para,934940,
tanoki苒佚,5398196,
青木ルアOfficial,414840678,
AYAYA白組搬運工,3499787,
伏見ガク搬运组,401166457,
泡沫こまりOfficial,397633547,
花鋏響_搬运,12612052,
宝蓝狼,20036042,
金刚哈佛校友会,12645374,
綴目日傘,435569969,
侵蚀公主,1742630,
海月米田没几个人没组,19959581,
伊樱萤Channel,412477175,
米莎ミサOfficial,408231448,
8911勘测研究所,31761638,
八重泽风纪委员会,369761929,
彩真宵official,403638183,
御伽莉鹿-官方,406117158,
狐妖小时莩Channel,33010721,
魔女玛露氏Official,387995724,
小卯-コウサギ,464865,
moira搬运组,28300270,
不能吃的ok酱,1764912,
杏戸ゆげ搬运组,160085,
超V学园_白祁Seven,474593912,
淺羽Asaha_Mino,5421881,
涉谷HAL_official,420321371,
闇ヤミやみ,487902,
野猫航空搬运组,3326614,
希娜Siina_Official,419637852,
山梨Official,453801943,
黑夜子Channel,272926239,
Twiska,6621297,
大和伊织的蘑菇园,369476743,
星野_Hoshino,23268,
Kenlos受付娘-樱喵,13791309,
高峰伊织字幕搬运,402176802,
鬼月Channel,204838732,
幡多乃姹萝Official,13479495,
黑川幽梦-Vtuber,23276166,
千洛爱吃肉Chiro,424729808,
纱霓Official,415463870,
狛犬博美Official,417507910,
nyanagooooo,1836495,
Pino的虫小屋,369455661,
CodeEchoOfficial,415295159,
木曾深渊编程部,224004,
NIJISANJIID联合搬运组,442576231,
惺忪喵Xingsongmiao,359080356,
芥末说她播了,2203260,
牛卷的翻译牧场,366148091,
duduluく,7805371,
内兹米_Official,1947434,
丹羽加奈--Kenlos店长,1421667,
神樂運輸株式會社,278120371,
珠根うた搬运,318581967,
阿修アッシュ,359082339,
子中中Channel,764750,
鶹鸝紧急改名,10207746,
MochiPro中国官方,449786865,
安奈るり--Kenlos受付娘,12918458,
ゆずきチャンネル,472631497,
阿睿琳Irene,865868,
染谷杏,1910639,
なるはやちゃん成早酱,423747660,
狸猫花生搬运组,354142359,
澪木芙格Official,3358737,
Elaine_夜空Project,434319922,
CocoTsuki公式,407980569,
于川流丹ChildRue,359082596,
Kenlos-米莉安めか,11617542,
桜吹雪Channel,18825887,
佐藤ココ,398764283,
马叔海盗搬运组,409689786,
まこと-Official,472135480,
電波ちゃんOfficial,454109173,
千代家蒲莉莉搬运,6826308,
Ryoko凉子_Official,2529253,
玉兔精果酱sama,94929451,
AnastasiaChannel,14269054,
音仙吕,387113126,
静夜夜-德拉利娜,20600085,
Creator_Coffee_P,2919301,
AsPride,12895828,
幻天一棵葱Channel,3286364,
金の巧Channel,29530957,
鬼喵君Yuri_meow,2101875,
holostars,444316844,
塔西亚channel,22296560,
橘九Official,429285255,
奈子Nakooo,387091887,
真島えまOfficial,454101028,
虚拟大猩猩烤香蕉推送,11063770,
猫竹りせChannel,15973647,
初颜大可爱,387236794,
星宫がんChannel,102600,
魔王YALU,178214,
雪乃せかい搬运组,283053549,
メアレスOfficial,412113528,
和遥树奈Project,441828861,
轻又,826101,
莲娜多莲佐Official,405037911,
月霖Official,456631019,
saejaeasldj,403080854,
星星奈_HoshiNa,213647,
ゆにゆにこOfficial,387792431,
比西子official,384981494,
茯苓猫不黑,3239018,
纪游哉,3052285,
西木木木栗Official,353016112,
Riztech,3287291,
原梓--kenlos网咖,427477705,
神子杏-Official,444234804,
失去梦の咸鱼,2461100,
雪樱の神,514073,
貓野奈木Official,1337624,
猫乃木もちofficial,441666960,
星空悠HoshizoraYuu,328576435,
甘沼ほよりofficial,400753692,
祁灵汐,860774,
八重沢なとりofficial,441666963,
明纱_Official,5035137,
洛晓曦NICO-channel,33176403,
金丝蓝染Channel,18699270,
喵枫にゃぁ,32199222,
阿德罗伊-埃菲尔德,2483446,
混吃等死亚亚子,353044891,
铃月琉蛍Official-通行-,11187227,
AEF_Channel,175356758,
樱海棠Official,404900747,
钟持_虚拟说书狂战士,536899,
PaletteProject,371691012,
三田そにあ搬运,33398732,
鈴木骨兔Channel,443039029,
神无月の诗羽一kenlos,9105683,
胡蝶椛随缘搬运,410274411,
阿A觉得怎样都好,10829693,
烈火火Official,28343084,
牛巻りこofficial,455868076,
萧箬薇channel,1631724,
狐狐音の前搬运,3584186,
RootChannel,2304086,
しろいぬ,1782710,
モスコミュール搬运,397275545,
Ruby_呜哔うび,107600,
凤鸠鸠Channel,79357988,
托尔rua_Official,343811508,
乔治亚娜钱德勒,2898467,
Plutya普露提亚,1802067,
伊佐夜,951976,
虚拟恶魔Diana,398644196,
Tadyi零叁_Channel,351856931,
凛星RinStar,82803440,
熊井塔塔子_Channel,4052,
RiNE_Channel,136844,
汐水琉月,6930077,
秋乃Akino,352161758,
Kenlos受付娘-雨洛,275267207,
月之宫可依-kenlos偶像,26585010,
恒天--Kenlos网咖,13096224,
Michele_RC,473935898,
暮岚子狐Channel,19950322,
十六夜凛子-Kenlos,6074208,
星空莫娜卡搬运,440464475,
大田マトOfficial,386258676,
インサイドちゃん,406476630,
由纪Official,4160114,
凌依--Kenlos网咖,392573834,
曼陀菲尔Official,3070730,
Kenlos网咖_胧玥,7287911,
浅陌official,58300777,
廉田--Kenlos网咖,29382318,
月見杏仁Official,434048532,
云祈kinori,3406546,
IloveyouChannel,472019066,
暖白酱ovvvvvvv,416397670,
